x1,x2,x3,y
-0.1628753168918613,0.30050711771909366,0.3188609884774902,-0.08233271832062723
-0.5390066256362847,0.5598810865927506,0.2887462147038822,-0.5175976526856509
-0.41403981137752455,0.3026500279754871,0.8978975626852226,1.4167536790215465
-0.680651566306343,0.09484606852503608,0.3573645984434519,-1.2321692763324614
1.0,1.0,0.27999692773964013,13.894597480580435
0.9032280359984202,-0.6640975298610992,-0.2632445748498926,1.5878759524908292
-0.3139408166903226,-0.35353169276786733,0.009787472690236276,0.05226309365011106
0.12466564668725777,0.5296942249246195,-0.2387087462231594,0.03962777568047071
-0.11526671807114819,-0.540557284255633,-0.14581292287986392,1.376810357634075
-0.15253463783814336,-0.17197391668476847,-0.24001350645698305,1.6134436333726148
0.7639927596565776,0.35310053993469315,-0.47953000733145634,2.4090119923456053
-0.6620943418633292,0.43208673051652635,-0.6054195289717557,-1.207720806755329
-0.3970001599794295,-1.0,-1.0,-13.417806604477452
-1.0,1.0,-1.0,21.68800571119957
-0.19237057551742165,0.6899676247139137,-0.5740302181361248,-0.6593314045729232
0.0551842137656815,-0.031215175667363093,-1.0,-2.8329971701029657
0.13065048642283927,0.09441727479831252,-0.13283916246467098,1.3624309825034777
1.0,-0.7338799101004558,-1.0,-4.551914759108426
-0.6456327687531178,0.1670107577638631,0.7022469381617371,-0.20463502507027387
0.9212526053162156,-0.795216407658067,0.12649773805441256,0.2813514374536209
-0.01665805165133638,-0.4864115202825572,1.0,-1.0951374959031988
1.0,-0.3760736707935277,0.011039548049140091,4.219176911288406
1.0,-1.0,-0.14615568983023275,-8.759911761478175
-0.4978638369605328,1.0,0.4030420214351085,5.876528768647812
-1.0,0.5817341152012823,1.0,6.481709324729922
0.25937255392705416,-0.7658753451401488,1.0,-3.97563899590919
0.04283074070383375,0.420334603430941,-1.0,-4.534737656693721
-0.2779161867714033,0.3466693772447478,0.9825433207539451,2.226486407070542
0.23701045844134905,-0.31087093163532376,0.4443197958153602,0.7332246454872576
1.0,0.5097873363460268,0.5580340883982968,10.185764275292781
0.6764762813882328,0.7512208433322751,-0.3543326551715167,2.495758879342452
-0.48621723632019065,-1.0,-1.0,-11.077718681035465
-1.0,0.593094660853043,1.0,5.519102238414657
0.24247457119223048,-0.056144341522398555,-0.8090179475081658,-0.005782671884690727
0.37579013393000515,0.2092157396837726,1.0,0.8439355973374112
0.06911918167353304,1.0,-0.24131471040054686,9.55194596375002
0.3263957671702904,-0.37297454428744525,1.0,-2.6364079193884944
0.7410179495913931,-0.2872293324433415,-0.29460174674021666,1.429849917233297
0.053288950571962035,0.3511476531104787,0.9360668461686528,1.746979220002316
0.7188229964363626,0.5527111763349,-0.16220572319178617,2.219307350333099
-0.409864154940621,-0.20785676778275453,0.08548519413643763,0.07593656093162741
0.042223886189169946,0.16988921111469746,0.5046810087585474,0.2690913269830842
-1.0,-0.5122519935896912,-0.7302694160260896,1.3049436702524333
0.36445970491522384,1.0,-0.4040494858203858,9.671512031393974
-0.024264034432420534,0.6440804084534191,0.10920518600968321,0.7651084804509878
-0.5339012708188204,-1.0,-0.13905892580639168,4.285566415229436
0.3281464090884674,-0.49998700243813543,-0.0750351739545898,2.3637846257699286
-0.29849166348548506,-0.284149391837923,0.23164274219717607,0.02145943424299457
-1.0,-0.09995961999816405,0.11320199867371872,-4.2810704985942545
-0.2980655465684414,-0.12009269125750621,-0.16769771308252768,-0.07455466131429889
-1.0,-1.0,-0.760830837970661,3.5429927467453513
0.6067435033202146,0.6058881840525692,-0.41049136480518045,2.1223391469677635
-1.0,1.0,0.9757813426596396,14.466088025393635
0.8828255323070107,-0.9331093385562814,-0.6229670311544933,-5.46690436088167
0.7062466719020237,-0.4131716426887879,-1.0,-4.2371111709329
-1.0,0.2233388621009622,-0.1215312875141843,-3.9592165721548356
-0.7071895402755544,0.8703905946074098,0.8363171761909682,4.801068642884686
0.447924803524659,-0.5360574357737169,0.26753835772923895,1.0147913856734407
0.1143449789853408,-0.9800804233770173,-1.0,-16.608615781261957
0.17182849412616208,-0.6838668551643727,0.19979853646209822,1.4542764873159997
-0.5128699833196353,0.4553979908120429,1.0,3.7914012738815033
-0.3309387774252812,-0.6906227725820404,-1.0,-5.966015187393148
-0.5962103195793917,-0.5950015849855419,-1.0,-1.827724542375221
0.29056329161145067,1.0,0.17639581618166367,7.240666627941237
0.4054196100196996,0.14819405345307501,0.5081700117826125,0.6061981465877004
-1.0,1.0,1.0,17.036538281690373
0.7048175750577121,-0.8543294865003512,-0.5226204836240325,-0.6109666944549872
0.01399032570484482,0.4743951880342283,0.010687608393859405,0.24617876560383903
0.6063936991696126,1.0,-1.0,9.298329153296123
1.0,-1.0,-0.07851871635305518,-8.187537880921383
1.0,-0.504780409575567,0.8844078243925111,5.392039628645425
-1.0,1.0,-0.7778615292689715,13.985588189192908
0.6184834994462516,0.8780567328038855,-0.17243779624934352,4.711271467288702
-0.7241925078295695,-0.45897912041629896,-0.4463668772719567,0.42087272012436727
0.17142315337665504,-0.4179605394558654,0.7355062816958737,0.4073372833249742
-0.47411790942490506,-0.1051391263019259,0.5598311247500853,-0.43375086936031637
-1.0,0.2233788387247433,0.14682058540974618,-4.001369350045246
1.0,0.5785211426072305,0.09711814408620545,7.246256870945507
-0.4382605878596437,-0.8152221790694916,1.0,-0.8618554199785999
-0.5203517449546402,0.8570681866301426,-1.0,-2.925806729093141
-1.0,-0.1099232092747442,1.0,4.16637049178309
-0.685393040254251,0.019861155348377846,0.23332548541149656,-0.6281721671362731
1.0,-0.057063927002717785,0.8553194868849721,9.417673980835913
0.7401618033931319,0.25919134361732343,-0.267239997257809,1.9788230694543034
1.0,-0.7237045607433445,-0.24334235489399214,2.0923457190295873
0.9720148064101197,0.4971866385587531,0.1808824000308349,5.96888257367322
-0.410429814652741,0.12464748928155589,0.8762363352786107,0.6591000870317884
0.1646810229471316,-1.0,0.04421937394270525,1.601579729609567
-0.29153415396393534,-0.9587966533264745,-0.2989964880678686,2.3907396452063434
0.20165597519303913,0.13533657505163132,-1.0,-2.847414548199142
0.20199953399562087,-1.0,-0.8447208822050474,-9.61010682303202
-0.2387390123561186,-0.7948515647068628,0.7191496043237076,0.11728389972570427
1.0,-0.3970895584853269,0.5582853750680887,5.919291194105278
-0.9677202406697738,0.16390024422065852,-0.6841575494233085,0.6027185551646516
-0.8111079937926902,0.9521300451598955,-1.0,3.86645051332264
-1.0,-1.0,-0.12097789633450762,7.546374734955043
1.0,1.0,-0.6216420452888267,22.823056213725675
-1.0,0.04028688185633422,0.9738674952991031,2.5378498262929945
-0.5057970481672918,-0.12239599089037356,-1.0,-0.41225129255650794
0.22406169192938985,1.0,-0.08101949872757497,8.229065683817188
-0.7538220912910825,1.0,1.0,16.001953812517637
-0.3229423375434006,-0.7779473875833007,-0.3547696004296421,1.7380456392137813
0.38808966333906625,-0.2616860692946261,0.8792005043641891,-0.40062468819602176
1.0,-0.9507431448742034,0.8604591348471693,-4.64510147546008
1.0,0.5927803956552526,1.0,24.263433692541877
-1.0,0.599206700844719,-0.059267380455926055,-2.421774535553699
0.7699592490958942,0.014689349906447102,0.7026562335079409,3.144701023683384
-1.0,-1.0,0.9452013305761857,20.683270733801436
-0.5924730580580444,-0.17399449124812727,0.334499959474601,-0.263202392248875
0.864198606794784,-0.8953684456006707,1.0,-4.759613754153797
-1.0,1.0,-1.0,21.51522714677289
-1.0,-0.7628459497708344,0.6217623441546563,7.069118390608523
-0.46279091320139676,1.0,0.38553339987665636,5.992131101534589
0.87241811821077,-0.38260655733012583,-1.0,-2.374269433632083
-1.0,-0.1494643188530551,-0.8450835994831392,3.4220266225695846
0.3641597729917767,0.016339810540053623,-1.0,-2.7975350980272085
-1.0,0.25797655395781294,0.11140681746256953,-4.576416626120252
0.48836906034959027,1.0,0.2759598114005517,7.554148324597244
1.0,0.25353713742411044,-0.8078297955372933,8.43651958697293
-0.3010766125116948,0.37645529854979065,0.7909941480243559,-0.6899112002168754
1.0,-0.6608732981883048,0.1347996863116867,2.79740252455179
1.0,0.3151434877949264,0.8124318121834677,11.910770789123802
-0.13797829549439444,0.10641578681356068,0.8247644425218033,-0.9917672246389466
-0.6956882903028474,0.040076454728252386,-0.9642673255894414,2.76825054082754
-0.29591167961383946,0.9917509038783043,-0.7966734098155657,4.9332865363445535
-1.0,-1.0,0.5645881135315491,14.261147672175118
0.23442044828534647,0.5643215882104022,0.48150239552908225,1.1307394446871812
-0.4761690002720165,0.26811638133071014,0.35414876159961906,-0.3017364052328738
-0.689952572218024,1.0,0.9149390588860362,11.361244430991498
0.990280832483309,1.0,-0.33877192381824317,17.30069705074722
0.2829481780045642,1.0,0.3155032861807341,7.533864361192141
0.6998599255868023,1.0,-0.13654819929928586,9.391703279305455
-1.0,0.3826681771533933,-0.34309753856044756,-1.925110040118106
0.802839305617929,-0.05455178668325744,-0.03765422899450588,2.0170414419793468
0.5064418207416552,1.0,-0.5310304696522401,11.59376432481817
-0.7668474035004313,-0.8825268210192563,-0.17896579450364403,3.840190595347502
-0.6636312565749809,-0.810456083944282,-0.11959102939232169,3.4880786347058312
0.3915839011701816,-0.9770960575442307,0.2313766547148648,1.06722790821342
0.9840201714497134,1.0,-0.048327581050336965,13.954747697994817
1.0,-0.26907793001606395,0.3580002056801306,5.118796819985281
-0.20903547616156204,0.7732439577069044,0.2644274419597066,1.0943757497115403
0.9236671115696391,0.15042592863692383,0.29169993944354444,4.81701886142488
0.14393219943314772,-0.3278836070537998,-0.14754747506038468,0.5201634752360449
-0.10640533750567016,0.3699404032281337,1.0,2.9036029324843273
0.0577230974917855,0.07720875815434347,0.9369072058001249,0.5134775243645365
-0.7675160967393251,0.5148609278595024,-0.34834869298075355,-1.8429183804198894
-0.5753764748734087,-0.8010542828699261,1.0,0.9648493956497299
-0.6355767745019683,-0.22344759197074016,0.6378194759069022,0.37846987107407154
1.0,-1.0,0.0007088449123671126,-7.662273039013163
-0.44210807254304374,-0.1483786185592666,0.5284087529337347,-0.2121559385537839
1.0,-1.0,0.6863511512495633,-6.897389102839743
0.8465334484673164,0.47840996494895816,0.3074061379848303,4.459320183975901
-0.5812760057021329,1.0,1.0,16.085952144436018
-0.8521626379552074,-0.03591439064327373,-0.38642152862818,-1.9231540999086008
0.5859476618039723,0.17134643196138,-1.0,-2.763395838292563
1.0,-0.4077871688281818,-0.9454093813965161,5.093182684181807
1.0,-0.9680762827633653,-0.9981744008117981,-23.917363346415353
0.7198621984322662,1.0,0.6310314431106845,9.170419948175756
0.057166867168571445,-0.7906653701455764,-0.5751221577524341,1.2745626852284146
0.81686125307759,-0.25708781541678016,-0.25290111031595175,1.575242795955165
-1.0,-0.7750271910619426,-0.8974698699027523,2.7482859489268225
1.0,-0.9738248722389877,-0.11982796189508327,-7.253897096317143
-0.2830782416715927,1.0,0.754498941971613,8.955131508683243
0.21859080041668855,-0.7731195061815253,-0.5683128401336437,-0.15673918948106347
1.0,-0.25830400045159596,-0.20185274020694655,4.854022111728901
0.09073969187460285,0.6908570438024499,-0.5037186583032618,0.6052428997716437
-0.2874439472864052,-0.9071063935798651,0.18006654802603772,2.8307223655737848
1.0,1.0,-0.34854091890104066,17.271703969648485
-1.0,-1.0,1.0,21.534661391556316
0.01633056885225903,-0.5597374727097564,-1.0,-6.815206972860431
0.724254682851267,-0.039954947279177366,-1.0,-2.424757356900894
1.0,-0.2844798422982535,-0.32278064113383476,4.463731914815289
-0.4885595054284637,-0.5348239772748713,0.6699509390709719,0.9323704394456028
0.897353926124852,0.5500766025554844,1.0,16.20147859742359
0.05971823884276439,0.756251114827776,-0.08589483072210924,1.6785152437445414
-0.9539503891101504,-0.19916062074830676,-0.16765490389883908,-3.0462432159411197
-0.863987611724722,1.0,1.0,16.02322118823352
-0.7374614183967982,-0.0707629998041448,0.25809443922687647,-1.3158398522442751
0.10754563836916198,-0.2215645515624054,1.0,-1.5510181598219548
1.0,1.0,0.02985165910904497,14.519486337939833
1.0,-1.0,0.8976856470797179,-6.566831775655332
0.6609807210093852,1.0,-0.06962463630026061,8.932497023511996
0.20877873598442487,0.7048537388749907,0.057017812055163875,1.0448539744600245
0.8459562721920895,-0.10624804757599926,-1.0,0.21676544774842085
1.0,0.2721300660289079,1.0,17.959499156586215
-0.8494608743312124,-0.7150315428584044,-1.0,2.4346055202691113
0.24682777177769966,0.19974082522351955,0.15169639416436853,0.7815959036010028
-0.049975076598753665,-0.11464395640209357,0.5127300611834631,0.5056355766065256
-0.5631627363387779,-0.01369992991504465,-0.21413479888337106,-0.9939048699462194
-0.852317064282327,-0.9971918247924474,0.013999725104209437,6.520400996649945
0.3722615719517639,-1.0,-1.0,-20.615345648085807
-0.12973355926102914,-0.6841806592789472,1.0,-1.2009672971490244
1.0,-0.9786964802984133,0.664796654333814,-5.253646262027738
-0.5486438885169629,0.5312671144180445,0.8651149233831084,1.8913434301339986
-0.5220150422754095,1.0,0.4263007186755452,6.396486558252664
-0.18950089552399296,0.3889118586813265,-0.10527953297935078,-0.5938669355765871
-0.06348786616454993,1.0,-0.01504941716017405,7.564000554142735
0.1273419183321094,-0.586696626628316,-0.5618178486079446,0.5146444647696704
-0.05782753908309046,0.6716273994957276,-0.6031618683455884,1.1026757194595331
0.2783645092691591,0.38376508254443853,-1.0,-3.3935541681526447
-0.4851982265993473,-0.49070604691514075,1.0,1.30781129343019
0.44311825954022166,0.16638197805064658,0.7987168096465476,0.5986670312246831
-0.5121038499408261,-1.0,0.9348482515176972,-1.7652812618768383
-0.12063414878199663,-0.02772553853601667,1.0,-0.511767927222096
-0.4749765415201257,0.8292590020665445,0.1767037893412311,0.2813118863145146
-1.0,-1.0,0.2925301678468981,9.540265445755045
-1.0,0.31398980895603823,0.4286546980003949,-4.860954211684943
-0.7480594012347634,-1.0,-1.0,-5.9974785873594945
0.427539285402712,-0.7191605090204654,-0.7515995947629661,-1.848608117548903
0.879734690150952,-0.014906097168279286,-0.6972584849413941,3.140473367548881
1.0,-0.6133328888708054,-0.194769923330411,3.502778445202219
-0.541004708574857,1.0,-0.3816040305442865,6.297446163774326
-0.1320568311457062,0.7405865147268282,0.09321575776976654,1.3791589757068112
-1.0,-0.23912181788613096,0.3004551060388416,-3.5264229604430364
0.9439508069518041,0.8178726549306892,0.6440929504409147,11.394215569862883
-0.22277760674556113,1.0,1.0,14.575365528440383
1.0,-0.7380534656621462,-0.061140517645716486,1.3366024040856168
-1.0,-1.0,1.0,22.521760211315538
0.2171832216909808,1.0,-1.0,4.364100603315741
0.2067136847034754,1.0,-0.9040405603043056,8.466317409523832
0.8015193928279725,-0.836588557514623,0.4131631774099036,-0.3798247361614374
0.8062332743809209,0.533294586269005,0.23402068668996012,3.799787516775838
-0.7349600992497989,1.0,0.32954796645541706,3.2036775224115117
1.0,-0.7381372318599038,-0.02586559006905831,0.2889413468867208
-0.8960130632247356,-0.15575051001683282,0.8704014479080644,1.2231367907155262
-0.22447135650392913,0.7707721226405062,-0.3859254975828619,0.7770906482354425
-0.43056558177922133,-0.44696055978041604,0.022315156609137965,0.46505326058604374
-0.4349864582248555,1.0,0.8904387020137823,11.614127135635506
-1.0,0.16789598307957543,-0.5700540477251304,-0.11329187895922799
1.0,0.7334047176854748,1.0,25.598289877795416
-0.8912523015714215,-0.057742635883686555,0.5621734868908446,-1.2861987498266645
1.0,0.043481518636971916,-1.0,8.858521114517378
0.0983743673542734,0.4863798719881438,1.0,3.6578583381305476
-0.9852240476843301,0.7257094918532732,1.0,8.545160322192144
0.35959910471262235,1.0,-0.9420869990586629,8.201636362543333
-1.0,-1.0,1.0,22.72204614271352
-0.4947644285864483,0.15050539716923161,-0.9238123167025154,-0.6842227970731198
0.3363040507088084,-0.44943164765256083,0.04231674584281131,0.8075112999838225
0.9385687427008436,-0.178731023243897,1.0,5.953843085559797
-0.41336742150875017,0.17287232136872355,1.0,1.6021228225631592
0.1935517030072753,-0.6253299993706334,-0.12589903979439043,1.7107197147859061
0.26210607988031653,0.5701523879234975,0.8883204207297981,2.090245620510983
-1.0,0.15495895077276356,0.5601758740238751,-3.7121693289618305
1.0,0.1911674180960392,0.5187141544219989,8.06911631345577
0.3517525243076516,1.0,0.46962158553107347,7.374504202967005
-0.14184409057606007,0.0492301088023499,0.0744013385384541,0.21606654846638268
1.0,-1.0,0.011561243970948265,-9.0064605353264
0.2817956393824188,-0.7492969833755903,0.946080166873158,-2.660333693277713
-0.41895744118015465,0.4365971165512592,0.16319219892747627,-0.8368579123300542
-0.1567483094244897,-0.5699321060711187,-0.6304033064853793,0.010598643377874806
-0.19235307556899062,0.045330988364815195,-0.7828311855492087,-0.32618096302683897
0.6076254929989946,-0.6103414386903994,1.0,-3.2356742741526787
0.5853259551680154,-1.0,1.0,-7.525211532243247
1.0,-1.0,0.12777034520905795,-7.999185587640159
0.4093691620128288,1.0,-0.17673426448021523,8.907578537438075
-0.6350933900560876,1.0,-0.7334095624947155,3.0520339103101506
0.32344998650737433,-0.42349480130302686,0.582883722105513,0.46410330110181897
-0.7876538237973338,-0.6481788802762891,1.0,5.735321487193864
-0.4613431666700232,1.0,0.5634278083283866,6.608066185962678
-0.11864394707618908,-0.3354562978055693,0.9638483872637185,-0.1574308529136733
-0.04846154979609918,-1.0,0.7798254911406219,-2.3376577380426644
-0.08402982550313531,0.15641935830581377,-0.5465579096282844,0.2561691488191509
-0.8396712088253484,-0.33667105741462144,0.9048468834100902,2.5421186183255005
0.11124223615702156,0.5873123814721803,-0.09872163872690742,0.24815700407449987
0.43423748081215763,0.17495814036881274,0.607350436883785,-0.10791798272834141
0.7678157774521066,-0.8687951918999934,0.14769304546677287,-0.34632133150606714
-0.5356842710612677,1.0,-0.7389643111606556,3.410581589306888
0.5551218534689815,0.9181152204824361,-1.0,1.993799619089062
-0.5271731223289164,-0.11904946899708735,-0.43268330245130593,0.995582719972572
-0.573581145283744,1.0,0.4700530948596764,4.610216356093889
0.2336155278781611,0.7164083287141405,1.0,5.312299507535585
0.004343194269161854,-0.7049526907613071,0.3083243633180517,0.6078444092334689
-0.6135241113555348,0.6873216595423746,0.6906311585522751,-0.3624767797498259
1.0,-0.37162070449174567,-0.9658559104050781,4.993927910867978
1.0,-1.0,0.5727684359863374,-5.959834979590189
-0.9852629185328665,-0.5298780538104297,0.04376972360796483,-0.5120060162993869
-0.9425241444380124,0.37836882618425194,0.8872075418094558,-0.7398802636885216
1.0,1.0,0.0951662263322226,13.483613709010692
0.3599574710318041,-0.024452724632632927,-0.976681738498822,-1.8063625453405283
-1.0,0.7549795896650109,0.582928912697235,-2.8453657657115947
-0.356836223932794,0.6676936198872121,0.5002227264074415,-0.38093686111050273
1.0,0.6121483887012922,0.6660044346857223,12.51828373249081
0.7600502159270526,0.6898851385752831,-1.0,1.6746875159800618
1.0,-0.015383066401334355,-0.2655763656449128,4.597214096807915
-0.8697864049977049,0.7880504262889967,-0.10712166477151319,-0.7251464887368024
-1.0,-0.9926735875620691,0.33079047051190513,10.053343652761423
0.20115316783774073,-0.2706769969457612,0.9290872448156784,-1.1302382088379637
-0.11257254246338655,0.20341719212881282,-0.21932206978128388,0.032076506221821566
-0.5025935473827854,-1.0,-0.21507596219577851,3.518744735549701
-0.561687900102094,0.5512614062112771,-0.08457723151155583,-2.171655396998217
0.7131029870761627,0.8248936257002595,-0.9173530786842368,4.529420188572132
0.17340860006188308,-0.8189479576421241,0.8694569622285206,-1.4366775143611425
-0.9612288175514301,-1.0,-1.0,0.5160984251624756
0.6332112578985145,-0.6186682205858851,-1.0,-8.464810412492804
-0.6356739237946014,0.6935730255314212,0.6012694872786206,-0.8928152933673968
-1.0,-0.7724341491150819,-1.0,4.7485530636077025
0.9732873536274469,-1.0,-0.634992014841417,-12.412302524410737
0.32845253776011374,-0.843976349855174,-0.19155179937071032,1.0440688463709087
0.1040061068957907,0.43236991106318756,0.06644884603471146,-0.19390640953966964
0.19047440489256573,1.0,0.32760421943184936,7.087605521763176
0.9894533745181462,-1.0,-1.0,-29.610813005215533
0.4072548098535056,0.41253361913654785,-1.0,-2.2326873920046273
-1.0,-0.267031710078776,-1.0,7.856278779657095
1.0,-0.17035455285863477,-0.6697931137508457,5.620246936109036
0.8851602521745667,-0.8958381131398923,0.5473611431108931,-0.9522165756861007
-0.7207635492464768,0.6375320845870365,0.45685860956853186,-2.4134961560121013
0.22032589067796415,-1.0,-0.15182363941985377,0.7857707108460386
-1.0,0.5876666683131457,-0.897617034994435,12.238993967481347
0.15289487488697784,0.6125816216456756,0.08822548814144882,1.324460974244197
0.698193112087071,-0.5642790687356265,0.3468227734271798,0.47518143277664815
0.5870106299647209,-0.6953440310692924,-0.581339319437645,1.1970930931570272
1.0,0.6815164834274345,-0.6297062716245316,7.23212991905971
0.020193159771420666,0.10127270540319944,0.41342819699437294,0.3382359864820991
0.31394077539720167,1.0,-1.0,5.457899943633187
0.32076700100378663,-0.18974500446665554,-0.2068117164313168,1.7169204888610086
0.22258062551034197,-1.0,-0.055689619434045046,1.4377131927915152
-0.264290756728647,0.8555982183142912,0.2605235566586901,2.580452169710849
-0.3673164907282458,1.0,0.12590946903214695,6.532018842383083
0.5847918749649743,-0.462355558618621,-0.14476873364926912,0.6491673713834049
0.13527712792456525,-0.2379805807209261,-0.2628088185807864,0.6094231494833662
-0.9622580474831539,0.22016940909284344,0.5826605404829455,-4.189706110644263
0.1929776264005434,-1.0,0.7072634930665647,-0.9155951746798837
-1.0,0.42041187076543673,-1.0,16.829442616502217
0.9841654094349628,1.0,1.0,25.023565568970874
-1.0,0.044595414361494834,-0.05799149510516344,-4.2385325863260945
-1.0,-1.0,0.11308107337350104,8.162043581120734
-0.7449458678639609,1.0,-1.0,2.149198022742631
0.6784445969339044,0.8023765416513959,-0.8629136945101068,3.6168329035565954
-0.3143926327377682,1.0,0.13713825329680462,6.7478903220689315
-1.0,-0.059361970002475006,1.0,4.554304240751551
0.5334444143242614,-0.15754353010254274,0.4794023581229465,1.4271153156362895
0.48578704779344895,0.9413870159493931,0.6232577416611855,6.42117398234859
0.7623964716052447,0.14992478791634545,0.11370311198213168,1.6027807084158683
0.7396787521991008,0.8412542358212731,1.0,11.541657741858907
0.016444027838750985,-0.1779067708131843,0.5192930990335731,0.561594537457517
-0.4347143857985556,1.0,-0.15627278678126522,7.103993838882935
0.1068063265645105,0.14858318589941288,1.0,0.5702874615488229
0.310516587973767,0.8378014450604634,0.24746201855607564,2.9144500698868874
-1.0,1.0,1.0,17.140605230109355
0.4177335409475267,0.05244033151540162,0.02899837916238024,0.7745391141737481
-0.509529083524284,-0.7475918568024649,0.22720815061467436,1.811428188482099
-0.1349682277418518,0.6574469195648944,-0.9992899552781138,-3.648194675675322
1.0,1.0,1.0,26.524495848711574
-0.7286694506617555,-0.6748251410639123,0.06047174430572855,2.297795417928251
-0.13215033695844225,0.9871989061448616,1.0,13.355746982183602
0.8130161290774149,-0.9923034229020735,1.0,-6.910870031717989
-0.5305302101414069,-1.0,-0.38934660646364216,2.3102539563081184
0.13389158283844083,0.7765000440642418,1.0,6.122503631823276
-0.5728559548810541,0.2611353730842414,-0.27249177823413784,-1.6577029082284467
1.0,-1.0,-0.5234258219817776,-10.61983102449181
1.0,-1.0,-1.0,-29.95259749048336
-1.0,-0.8559821270674957,0.6359963987330324,9.721546485312004
1.0,-1.0,-0.15568889400737573,-9.264531906227552
1.0,-0.44265046815522946,0.42623191576836605,4.933657266362486
-0.9882845743594466,0.19712823083875874,0.6716951440373558,-4.61381934501566
-0.08167210484000131,-1.0,0.01278270910712842,3.4724658909435266
1.0,-1.0,-0.0074561989189141364,-8.404777099975014
-0.8363119564079537,-1.0,0.3954234152169387,7.410849810867373
0.25189391579781484,-0.41392057960563244,-0.002748747632118853,1.3443194690870994
0.28101306646893276,1.0,-0.8949413290783474,9.15476215363607
0.5546214600205848,0.8191520360080871,0.1046316820141342,2.500109488050544
-1.0,0.4600386548119435,1.0,4.822712181486213
-0.4199659235712865,0.6436390302267492,-0.6881797420882723,-1.328535977495471
0.45582360673353195,-0.8027889192227271,0.9425949948563732,-3.793820632647539
-1.0,-0.9321212288190786,0.5735204236952358,11.66078134683427
0.4131421446393657,0.7309523406045049,0.05169792565866849,1.7983618784881894
-1.0,-0.18572624481009448,0.4349633665012318,-2.78235022655783
0.8976371586895566,0.5773010298381587,0.15629474030241108,4.0062238210133
-0.7673625976130896,0.17615831498013712,-0.6566179145545776,0.08237374353057508
-0.12950392316813764,0.2672513720528238,0.02011032891385356,-0.3288548040803247
-0.15296769013389766,0.9504129419098404,-0.06449667295644534,6.00007446686916
-1.0,0.719658279784444,0.05647595049097398,-1.2971465124302117
-0.5936717615195006,-0.9173963781690884,-0.1626504804694069,3.4575843709401175
0.6607110384513755,-1.0,0.5562215485801871,-2.304413035998638
0.9328183692242384,0.25367501948687643,-0.4565707059706974,4.041801088465957
-0.2773512968681353,0.21300735887475186,-0.24594253847940517,-0.0019521508224028816
-0.5385554398557704,-1.0,-0.8913901088805951,-6.70550456333023
-0.372842513959452,0.14553078736524916,-0.05739987004634606,-1.305380927876824
1.0,0.4101450785430478,-0.43287432319894914,4.766049638398412
0.2361588630566247,0.9596370680979436,0.52103630074431,6.4935556826407
-0.5181032111890513,0.28292284855143235,-0.3920605153410155,-0.5058464842204319
-1.0,-0.9242289488834639,-0.5519428675676505,3.7860817483492015
-1.0,-0.4004763025070257,0.04105044475907671,-2.316462766078703
0.47805611713465024,0.23619171214337342,0.62601288322416,0.4048350442489328
1.0,1.0,-1.0,39.3104806105265
-1.0,-1.0,-0.5978116322617046,4.557277014550056
0.8660850046275224,-0.016636079152364314,0.13176101743036117,3.500433248694775
-1.0,0.9835133164240539,0.455813782846088,1.7053909091787802
-1.0,-0.1293932953287409,-0.636526485598123,-1.201146573673094
0.5444866708189708,0.5560518167920803,0.9016223817113942,3.7173586463950326
-0.4157685797488888,-0.44919401429581485,0.5413400682437486,0.7844404619802003
-1.0,-0.8085563906200928,1.0,17.337237945543922
-0.10801956020697867,0.4076485811686863,1.0,2.2034418523072508
0.7092890569953572,-1.0,-0.9193202976630999,-19.308973908805562
-1.0,-1.0,-0.19519524019994017,6.602606023522513
0.7354118529371638,0.5463722197669536,1.0,8.440914902166966
-0.2309065889058841,1.0,-1.0,2.535068953209171
-0.7338931369242174,-0.6524205164051211,0.4313984837460745,1.2394956926721803
-0.011598986936540934,-0.45022996120969894,-1.0,-6.168445910860378
0.11208279248392095,0.6442529332062159,-0.4177244894966885,0.8869746115111834
0.16208179481037321,-0.24263790184989031,0.4657416799629013,0.8335642326678364
-0.383562143203261,-1.0,0.41191401196239985,2.321021958582355
-0.8750999726469966,1.0,-1.0,7.847600146114794
0.3163782640063555,-0.7662025800266041,-1.0,-9.512102710737166
0.2894513672128254,0.24668893270626913,-0.048028307484438315,0.8152534819359518
-1.0,-1.0,0.3247542573532034,10.563296352818119
0.20606158064991997,-0.5813772949811369,-0.7675937346860395,-0.09609430089311499
0.18521119714188194,0.16785707131849636,-0.019125043175873824,0.6078460182290822
1.0,0.909791115391891,-0.342955296652673,11.125413252706421
0.02196433736543546,0.39779672517884723,1.0,2.4767752389543976
0.709981574675153,0.38342803287619565,-0.9434626748141015,-0.08250543187239512
-0.03563249501497823,-0.26615563332474546,1.0,-0.757794646947545
1.0,-1.0,-0.23061994520154605,-8.469480636242297
0.7450600420769051,-0.4814173596534641,1.0,-1.5998391804481618
-0.6802989116723019,1.0,0.054641323472107706,4.636760061765404
0.30681988054707876,-0.1447834265333796,0.035603426552262896,0.7221805140448432
0.029929546129031426,1.0,-0.05134375859261198,7.921131597302492
1.0,1.0,-0.9589713931167012,37.868022489863414
0.07815589029977144,-0.5425464492198604,-1.0,-6.498822587905664
-0.18218240949172637,1.0,-0.6285507093352758,8.404635646732451
-0.18594659404777958,-0.17401383254164693,1.0,0.5763789688722382
-0.8390987771311842,1.0,0.8861602378386859,8.40124117348944
0.5060428917520587,-0.6168002109080097,0.5555721770346296,0.9102702206980505
-0.9176613017156965,-1.0,-1.0,0.17170548785249712
-0.8116928057516186,0.9306674409121547,0.9990578096069667,13.95043541491669
1.0,-0.36065616085774765,-0.5261223075332433,5.4190653435990805
0.07164550193954256,1.0,0.9538545636619793,11.16042677958015
-0.7425151225316478,1.0,0.46264138829488854,3.5226744077799705
0.4859805949055287,-1.0,-1.0,-22.20216176355699
0.3813327072045827,0.691859518429641,-0.6171455666466528,0.7100714206409348
1.0,1.0,-1.0,39.15592407945933
1.0,0.5496166156888744,-0.1840334365213221,6.581999368801395
-0.3776644499819146,-0.6580603335683544,-1.0,-5.578253166038482
-1.0,1.0,-1.0,21.331373837421463
-0.3652338172017313,-0.18119366524040448,1.0,0.5778217416498566
-1.0,-1.0,-0.2418812207659149,6.452274902737463
-0.27929531215107883,-1.0,0.2634665652463064,2.687701274367435
-1.0,0.08308982275792309,0.02170273279775592,-3.7088902880690657
1.0,-0.050250965137674575,0.1685427981433658,5.236860539795612
1.0,-0.34106998604844585,1.0,6.895958331888732
1.0,-0.5807506974300909,1.0,3.6954304549188697
0.48920291129628257,0.322612404412151,-1.0,-2.367646786141733
0.1257674707832308,1.0,0.7812459366761377,8.859485265787711
0.9109755275787301,0.18903774698705544,0.8678068920453599,7.805926473321002
-0.3312601873411323,-0.08461233760996922,0.4348310634611201,0.561325072351053
-0.336608796801112,0.49935418466184056,-0.4354627450011377,-0.7089831915460756
1.0,-0.04185819471269436,-1.0,7.135041539574495
-0.3826346796688138,-0.7322259935202837,-0.7022215402720466,0.27031672473513935
0.36610088958097453,0.2828021806530019,-1.0,-2.82914110338006
0.898082678746702,-1.0,-0.20755093642164502,-5.431551087760207
-0.28839067443377076,0.05108456480869683,-0.46461205898671976,0.834049998570456
-1.0,0.6060824335270016,0.9701556336878612,4.26479002288834
1.0,-1.0,0.026883067838503694,-8.069703612444332
-0.524621196406694,-1.0,-0.781023354235794,-3.7522935559722757
1.0,0.19096641826429583,0.4870261261629272,7.733612141457784
-1.0,0.2341742743567521,-0.41725279622460065,-1.9253131713404767
-0.43614016832428426,-0.3226803395611233,-0.5864914655239615,0.5845103342149037
1.0,0.11982028367164443,0.036484234683999306,5.7549680602992
0.16109535049531387,-0.5779107690217771,0.9247874423787772,-2.5472952687718164
-0.009366500947187495,1.0,-1.0,4.760207225819297
0.19454800531063587,0.45731008777073545,1.0,3.882544839710481
0.818861817989917,-0.6857526822306323,0.13225380762938,2.0347608178975616
-1.0,-0.7006859839743174,-0.2890718424279959,1.1077938968494352
-0.3863257786460881,0.13591077765932913,0.010501336437386488,-0.6485837621631932
0.5706715709150141,1.0,1.0,10.289046494386463
0.059265854262442685,0.42139601775251045,0.960624566285508,2.6431520317042025
-0.8803274694103524,-0.4805443316463316,0.11252181025236796,-0.8511627714748006
-0.5260191557618961,0.09389835252626888,1.0,1.9268515524075724
0.7118232663326276,0.49165779288950495,0.47238486681556435,3.5136411243928816
0.14516986291485234,-1.0,0.318782411292716,1.5483152592970637
1.0,1.0,1.0,26.61435541928404
-0.7170173081547726,-0.18660803151310668,-0.32993454363631436,0.26389675005609986
-1.0,-1.0,-1.0,3.362076107062699
0.06262079231349515,0.3749970103022626,1.0,2.701540122173921
1.0,-0.24368556713254064,1.0,8.102638370733871
-1.0,0.24762062185740863,0.41672185813039353,-4.929381462467727
-1.0,-1.0,1.0,21.428467508364605
-0.09785135095779629,0.8243930038584051,0.7502287728305521,4.252916503444215
-0.035639147130527515,-0.7684642805006423,0.3454028354483465,0.506638469834211
-1.0,-0.721268562825196,1.0,13.806665798664081
-1.0,-0.07376910371387413,1.0,4.385162092444603
-1.0,-0.6376331544569427,1.0,11.381625969313168
-0.41736583271751426,1.0,0.33275166237966447,6.484435533719943
-1.0,-0.8163302446599925,0.046597957097657794,2.9569216721984777
-1.0,-0.020415330217929073,0.873264533727439,0.07966946631737454
-0.4972890470474669,0.311704527354298,-0.6070329902666822,-0.4213916763451664
-1.0,0.4819778553398393,-0.5806759291270682,1.7766480572181629
-1.0,0.6881540340527545,-1.0,19.823932373485906
-0.9018106694086669,-0.48895278066996917,0.10752390413445756,0.7482474177516131
-0.9231379639484734,-0.21123076304250077,1.0,4.960632534635614
0.09785373387194563,-0.5325567181627167,0.08562548462313835,1.1291220364971866
0.11998888506173921,1.0,-0.17333407065778417,8.861165526379754
-0.7993417566709291,-0.6677376308151137,-0.17165624861126205,1.8418784760660345
1.0,0.19656081110886992,0.9051594330124755,13.726874698155477
-1.0,-0.4732693780213517,-0.2919247105569531,-2.870302646383357
-0.5729583526080686,0.6135092855505546,0.11530405814240297,-2.0163198409798895
-1.0,-0.17448145817836358,0.6378858997578694,-1.7194118085671057
-0.7796729938202298,0.9658757394012165,1.0,15.22517993822506
0.09346307077742,1.0,-1.0,3.7208437135694337
0.841745307671868,-0.9642265165383346,-0.08169950025132833,-3.642560423142242
-1.0,-0.12103707061304125,0.049698281747702966,-3.6631507412484035
1.0,1.0,-0.11558118358115,15.337928653226921
0.21559811208495283,1.0,1.0,10.85490739743631
-0.3041021448130645,0.8752178429557862,0.5058051926648046,3.0093895112780586
-0.36839813289825285,-0.22313935113924033,0.20066517588948352,-0.07384000504913207
-1.0,0.5247306427153671,-1.0,17.740773759941728
-0.5668230433156125,0.922846663107513,0.6019493557562476,3.4724262073513934
-0.774798242953707,-1.0,0.16351665298505846,6.7215270181792794
0.08119083441209951,0.4745964152463116,0.5299548752278147,1.0701209249916894
-0.9894733568106118,0.18047648482714074,0.8677956383630407,-0.19477364615591808
0.7659948354441339,0.5822541186307377,-1.0,0.9894349975434761
0.8765174500899613,1.0,1.0,18.2918443773957
-0.6932171472508728,-0.4288626124991386,0.12886362345097746,-0.35173054578990703
-0.23938455082938237,0.7286927948804001,-1.0,-4.610833669393202
0.09629785956901316,-0.07208845794511798,1.0,-0.015755641786939667
-0.11586414521016453,-1.0,-1.0,-16.331656573954398
-0.7600958294517639,1.0,-1.0,2.556798010942348
0.07643985830988309,0.11094259391695571,1.0,0.21725121842064238
-0.2928114168496092,0.6592870876230765,0.576801133953494,0.5146058602965682
0.5414734118971629,-0.342614029636124,1.0,-1.5231206498381469
1.0,0.08815926349344938,-0.8475941258157402,7.284710159631439
0.2762747863070243,-0.044488902780493556,-1.0,-2.9538100109981054
0.9014875971708596,0.7698509568599903,1.0,18.447483987986665
0.8959445873667469,-0.1085715527232054,0.8766529937137533,5.492089162541649
-0.18929186844256907,0.3924315384019066,1.0,3.3349312734717667
-0.062350117795479276,-0.9089376094976638,-0.9647548125375929,-10.927438383112479
0.160595281915074,0.7004253252037118,-1.0,-3.0262708709266337
0.3018132719465134,0.6214269288896259,0.41290887438648594,1.3628882813200538
1.0,0.36466351008507325,-0.23889845562715628,5.258222806249868
-1.0,-1.0,-1.0,3.1197520806274897
1.0,-0.2259920353478284,1.0,8.994295924069245
-0.11952052731260587,-0.2015663716230025,1.0,-0.4312633882118694
0.13928446901285896,0.1734277406718725,-1.0,-2.5339050992688077
-0.9402842120582506,1.0,-1.0,14.346126025559546
-1.0,-0.09637479512381653,0.7476169046536552,-2.3792755637980307
-0.7226763892271948,0.027393193509830827,-0.2889372643742456,-0.9681930956440661
1.0,1.0,-0.14543431317122302,16.106014413948525
-0.2954621661514356,0.8355391751568924,0.36037374914024056,1.7307743203865564
0.5488791164396003,-0.5278054085827901,-0.9710291356456404,-4.2775932915949255
0.28955307262086283,-0.4128469005053721,-0.024463572531959965,1.1850086005913267
-0.6181162769005355,1.0,0.05138160079555498,4.412013126405977
0.8054484891586702,-0.8965991225914913,-0.1802929705548657,-0.9439960133632487
-0.7254147771568595,0.5018015212512372,0.026853481785685585,-3.3305888662679726
-0.59006594380505,-0.5509133116637004,0.14480291383013877,0.7283470772689676
-0.7507035952971606,1.0,-0.8521288067636259,2.195222939808533
0.46695459044633014,1.0,1.0,9.331143135573573
0.16934652907465786,-0.8317520222697523,0.1906135395518116,1.9885819879143485
1.0,0.05392525834763817,0.6391327656837482,8.382160972979229
-0.7070326608768136,-0.16418343767063237,1.0,2.7932264527679407
1.0,0.07640544588934972,1.0,14.006738902668406
0.8652335994015716,-0.8182820476144526,-0.9363511413106038,-7.235277462805371
0.039108849371672694,0.1862797708742292,-0.5044003830059138,0.565472822062764
1.0,1.0,1.0,25.90937276458314
0.23189451294857966,0.29259483007869025,-0.42066814378578354,0.6663763439773999
-1.0,-1.0,-0.11829870499686201,6.709724977352455
-0.24394843849978276,1.0,-0.5100658556416822,8.243447353122546
-0.7320074410884492,-0.14499641268365782,0.6245680828529712,-0.08049961482125528
0.18831488067984603,0.9909348118513215,0.5214896357737779,7.192461554559669
0.6899332852355455,-0.03405992176469441,-1.0,-2.1490942335522543
0.037025258795228,1.0,0.8068083254639735,10.505529537014718
-0.6263202674321771,0.5174552704080122,1.0,4.3090718422336405
0.15965639545248922,-1.0,-1.0,-18.883703923490028
-0.3542487027996204,-0.1012379656988216,-0.11524238983784807,0.2890798562662924
1.0,0.9130987074494132,0.2897680031822809,11.408674829398661
0.11637328382345369,0.12863550712489147,-0.03926932177679543,0.4420730975994063
1.0,-1.0,1.0,-10.197614582939188
0.555092724377003,0.6771518564933041,-0.9753308879667637,-1.4326033176683004
0.8239846773284158,0.35866289542131624,-0.6004011376756109,2.51718078884809
1.0,-0.5225021104495529,0.8360433734605521,5.526670596092455
-1.0,0.23421310210595836,-0.04408662311209688,-4.381353486668924
-1.0,0.6329252972122541,-0.6177000042206928,3.713220656067864
-0.5603916761147587,-0.7819926696070294,1.0,1.2880748778886577
-0.18849720501800982,0.7965977806001001,1.0,8.52188806139114
1.0,0.9041923897251591,0.0870873035534605,10.475771627820082
-1.0,0.27978759487347893,-0.1848339495104705,-4.0343904023614945
-0.10091263092055525,0.4087563681784514,-0.7201397577259401,0.07665251622720881
-1.0,1.0,-0.6257216731631379,12.254542703841254
0.982092492230842,1.0,-0.7287007034009529,24.866059951921706
-0.08769061803504163,0.4848368868666153,-0.7168469656805174,0.15815946979705164
0.8144448111598688,1.0,0.5433957652495693,9.262114860967374
0.5946518918550521,0.9124094712748283,-1.0,2.8717845664233566
0.17850028762206938,-0.5036970240079033,-0.2604334234419383,1.1451739122206694
0.0445491691901041,-0.5621018647114095,-0.9606379568154866,-5.3820120275876935
0.33561324126693504,-0.34717270934644184,-1.0,-4.265133717326062
-0.49938968070415934,0.062023611419031566,-0.013298212056842784,-0.36400002961546024
0.36162029090630043,-0.8549638857853672,-1.0,-12.565044720592876
0.9169180855088803,0.3689485936576886,1.0,14.458017180424784
0.05617628175651279,-0.7165974604784955,0.8379137854727414,-1.2010747873285532
0.2570402684223325,0.06988853958501418,-1.0,-3.303560479027252
-1.0,-0.16082932087272273,0.041421042046182466,-4.265065550237436
0.09226784847611635,-0.5560723320050749,0.04910304664765208,1.577565678428315
0.8691413223567701,-0.45288947591332107,0.9501556114444958,1.5210417854930904
0.6728965665503317,-0.35736056075678957,0.8265670396856615,0.3985915267195874
0.6806005911736426,-0.1337327911753705,-1.0,-3.566250742319867
0.642272592009042,0.650604098642976,-0.004976636353114738,2.204114080023601
0.10408161307623276,-0.8630445017607677,-0.8549929802702008,-5.039780261116012
0.3360934514653904,-0.29339163068074314,-0.9925608250018585,-3.9286427903264105
-0.03976388535093123,-1.0,-0.3915121955015679,0.6398513418153355
0.7845810285990142,0.23706319006338172,1.0,6.337987435658736
-0.048585046666457465,-1.0,-1.0,-16.8104394782804
-0.5842677260126419,-0.4964969075223751,0.2586899705927297,0.12158228486345246
-0.6463957760042109,-0.6241692691563687,0.23466839015219976,1.5227777708562407
1.0,-1.0,-0.6414842941887062,-13.060499369480873
0.9519797951318008,1.0,0.25677926885444924,11.525854803480007
0.5334241507517403,0.4675320908601792,0.6262992546980615,2.083342723819311
-0.4099663151099284,0.6481414350866379,0.6579018622301345,0.10828961367072626
0.022882413687804748,-0.9884252216673681,0.6985689818567464,-0.5882415691487635
1.0,-0.9795966563807632,-1.0,-25.90335745794123
0.08104853915844723,0.1034218201493553,-0.54182074235768,0.8073481200054539
-0.4320596352484276,1.0,0.15920027054366614,4.898856149756199
0.10266160874982089,1.0,-0.43227944924745487,10.45355557325394
-0.4655102141428611,-0.029858303504939343,0.38117987218448457,-0.7918790418606514
0.16187411356970993,-1.0,-0.5909634230271483,-1.4057063653422568
-0.44865190822410694,0.059967332778574356,-1.0,-1.0605779498667112
-0.46436414459494024,-0.21203362917371216,0.2305880755063019,-0.21727043319953127
0.08737796844194201,-1.0,-0.1812453697603078,1.6556445394710477
1.0,-1.0,1.0,-8.512019405505814
0.312825637156841,-0.7053141891459522,-0.3832732269548178,1.8061619571752865
-1.0,0.2303308940299853,-0.13969483315175135,-3.5182575957085174
-0.16858165655482593,-0.2675624210629328,-0.48488403399930213,0.8706019226826736
0.5409508758578505,0.8909739731105748,-0.04173475776423907,4.1084300883874185
0.7797154854220136,-0.04980913112300067,-0.22928317279472687,2.689739408455203
-1.0,-1.0,-0.8022385005533768,2.18416691700352
0.14764888473098958,-0.7998441155064837,0.6728293805379166,-0.46667297957265563
-1.0,-1.0,0.6490176840395712,14.084823736642518
0.719790572711785,-0.831958683440915,1.0,-5.436811732104111
-0.9047707808410455,0.44691260187050963,1.0,3.522618858985839
1.0,-0.3146322787438709,1.0,7.343498932244499
-0.9349805674674021,-0.5202251564877758,-0.9460872171238561,3.5644987369084635
0.06763563843237996,0.7254053531346507,-0.7829825093647287,0.37414404549195174
0.9292297517461707,-0.7033454996884809,-1.0,-7.080460226142906
0.4342642652377098,-0.07634462198876424,1.0,-1.3003334491486112
-1.0,1.0,0.3221984061190648,3.2789677082551556
0.0952065032169005,-0.3625044869496419,-0.6323711654460564,0.36132043902392613
1.0,-0.9717735597549166,1.0,-7.9850021639493
1.0,-1.0,0.04351628782840433,-7.805402487600082
-0.12050267470631626,-0.4497347992422709,0.5357386424772048,0.5833912537991333
-0.21577471422515093,0.20214416195186136,-0.17612617602856928,0.41214062721204503
-0.14653642087200835,-0.7293049669829152,0.3204484896274453,1.0106260307212573
-0.01940497856036516,0.9872762349721482,-0.15297742127957048,7.840590137088656
1.0,-0.0965473237190635,0.8772869544974597,8.644565476892422
-0.5970907293896577,-0.017920818067995725,-0.7254812373686752,-0.3141246781440971
-0.05669453082513698,-0.3471644561563201,1.0,-1.2138931986820987
-1.0,0.7795997616705084,1.0,10.229159796989414
1.0,-1.0,-0.05365754780226362,-8.692776383225842
-0.8578198401463786,0.2367456292911212,-0.8918378728063503,3.1998564607169926
0.1120138591297033,-0.2705986279353718,0.2040704733483838,0.9432002003769976
-1.0,-1.0,-1.0,2.5712475241774624
-0.6055716846907078,-0.38202649888657536,1.0,1.450875475311993
-1.0,0.26665930490000944,1.0,4.030381955730942
0.027596090344054636,0.9584300496521123,-0.07128671859229074,6.64973169073623
-0.2468383702791761,-0.02970331398622683,0.014079227553613016,-0.4121568920469027
1.0,-0.7803968698062422,0.3417712383209641,1.5073234901125463
0.26051521568984226,0.6852437962261053,-1.0,-3.0392780866670845
-0.21914069666324232,0.1988044333071286,-0.7323201596752671,0.6044183848576923
0.09188243748445535,0.9361985989858714,1.0,9.966664892566655
0.86495800104754,-0.983730190536453,-0.4232343890919954,-6.350714059044815
-1.0,1.0,0.4333595687059695,1.6822828993175736
-0.842269279322595,1.0,0.3548038536219815,2.6632209490388448
-1.0,1.0,1.0,17.435684916744023
0.7671601524771121,-1.0,-0.6409257877814671,-9.008050752582191
-1.0,0.05518851509336686,-0.8023419137527636,3.5102703461734346
-0.07959920874292248,-0.939053698360778,0.7488970322459951,-0.5096905501143212
0.11807645456014892,0.2493525052886718,0.39248615620508187,0.7543151599572213
0.5614830401664916,-0.10581573892370444,0.8603739168059144,-0.07227523541094763
-1.0,1.0,-0.8764651585530348,15.394268856653945
-0.5104509519460776,-0.18978151824043765,0.6462546096348567,0.4101410108685395
0.40009514052187134,0.32552478112845495,0.05686765301542507,0.9048696470304033
0.19151916872244779,-1.0,-1.0,-18.505705923643543
0.49980515555754845,-0.20279581618448184,1.0,-1.5537410879967064
-1.0,0.08225436822140386,1.0,3.2118730226696366
-1.0,0.7382568183244076,0.2704899268653349,-2.063619980944128
0.008042003070160897,-1.0,0.06599105305479092,2.4716493974030964
-1.0,-0.6686577113005816,-1.0,4.4920236522940495
-0.14112814283223685,-1.0,-0.7405988072007128,-4.583461348263159
-0.12535216922645942,-0.4046663861955335,0.023112691761091986,0.12097748425907306
-1.0,1.0,0.2503916546271592,4.4246798361068835
-1.0,-1.0,1.0,21.438121115690052
-0.2759668547628371,-1.0,-1.0,-15.204365988616203
0.8580961063435453,-0.45687111559291016,-1.0,-3.4700775079845987
-0.8120162997810823,-1.0,-1.0,-3.4934638423548106
0.8224780232879456,-0.20831718951589084,-1.0,-1.2480129307480514
-1.0,0.16532610929804537,0.8924187944683022,-0.2865175766737939
1.0,0.25338859024357796,0.8863986833379494,13.224999231405926
0.05311492589354461,0.19562406735743898,0.038088309260364106,0.6647718986735062
0.3650786133351951,1.0,-0.4970640822837149,10.54075221081003
-0.06142120607673096,0.09213818376881755,0.4605456898386082,0.6324569082432804
0.2891320605469081,0.2814383470191848,-1.0,-3.50672410414931
-1.0,-0.4614772370995568,-1.0,6.749920881410349
-0.41999180147121473,-0.00033731639770540056,-0.26095412066397494,0.4828481252735275
0.30222207159154113,-0.7651448648066765,-0.3092767224828308,1.1119756029713836
0.4368793824817765,-0.16212953229121152,1.0,-2.2310517666955483
0.764962043082593,0.9527023270221635,1.0,13.960954652795424
1.0,0.056970338297349654,-0.944744535185037,8.817251950350485
0.9210894561775955,-0.43096684243809413,0.729046785247929,3.6744083286436697
1.0,0.6818281466644243,0.7488703723241477,14.849584239211302
-0.9604331350874056,-1.0,-0.5687067403716839,4.390021685097503
-0.5584611681505758,1.0,0.6119563896176692,6.110160434080689
-0.8919259841607845,0.07031822525035714,0.3286756861311475,-2.873176026943239
0.7561972590977486,-0.32115833877947275,-1.0,-3.4674440507678406
-1.0,0.9164029909669007,0.23405488230120408,1.1441522469454526
-0.22049028729256448,-0.6636595667130578,-1.0,-7.1908683569760665
1.0,0.027676383010542205,-0.2323332622370089,4.0395300534688
0.5689262544787697,1.0,0.3151754410140568,6.425570659322621
-1.0,1.0,-0.6127294138666979,12.289424212751625
-0.28136038105629835,1.0,-1.0,2.1791592774888286
0.7719171769566899,-1.0,-1.0,-26.472045302106395
0.10134274798690202,-1.0,-0.678193031051207,-3.7901076261653426
0.8155903368526176,0.8748215533623549,-0.477308611330165,5.900774641778617
-1.0,-0.20764961337540777,-0.012215563215727254,-4.409889457079783
-0.1878385435814729,-0.22857700857077412,-1.0,-2.7050153756696926
-0.15810054235959448,-0.5854621503530242,-1.0,-5.762330580098667
-1.0,0.7409737100434584,1.0,9.945324916014643
0.04412968056896416,0.7117188573624438,-0.9952953362684775,-3.5809841091213204
0.8221232985099625,0.04677026652122174,0.8230179466020042,4.601991668568389
-0.04619348200520146,-0.37998915756994656,1.0,-1.4376095209606397
0.3132970111244635,0.6081264688891872,-0.25229354259498304,0.9238170811180269
0.11522956957215946,0.1824652592443794,-0.3093886405136006,0.8799347627922398
0.772479678280328,-0.16916807244946197,0.7153734075160023,2.832824218744326
0.16709874045636663,-1.0,0.18740979531139423,0.794656244061961
-0.20854931974296598,-0.1656625662986082,0.7758134773833858,-0.3837947071240857
0.24460051514746572,1.0,1.0,9.98218701068628
-0.10083990970327306,-0.43485516211032427,-0.17588382636484168,1.0850792817451718
0.7662498788991641,-1.0,1.0,-6.795031492226199
-0.5744515915444643,0.06379934336653581,-0.8551643653541059,-0.22701787122008033
1.0,1.0,0.4686163734108746,14.55106722554899
-0.4743880937965581,0.12023762394692361,0.9017372674197093,0.4606273967640943
0.07486527255926889,0.7014806889158522,0.3821294188919149,1.630885073082327
-0.8629054011251058,0.24815611747573252,1.0,2.758575479817308
-0.29811831224781926,0.7530390269812213,-1.0,-4.418221329482957
-1.0,-0.2620911755425277,-0.3387329135952539,-2.7811913897567258
0.6403782852129172,0.005653967935116633,-1.0,-2.3126489964184973
-0.8232292159142462,-1.0,-1.0,-3.251553510706388
0.8891014392978678,0.8116455089268071,-0.01751604472270607,6.58413096785889
0.42800798279357655,0.9783672067478673,-0.10213680026055783,7.920627632293725
-0.08440541349901909,-1.0,-0.9073622111231643,-11.365386080378665
-1.0,-0.28209597406272646,-0.008222144345341631,-3.090460717606004
1.0,-0.17817580323641202,0.8527524169033103,7.969956880949998
-0.271503869214476,1.0,-0.5894880757030108,7.866515423667735
-0.0158411951842532,-0.4147825818424915,0.891743709555157,-0.9578548997273248
0.6164555657616908,-1.0,0.022610306567558913,-1.4917351920920936
0.8072392828836974,0.5578857553868664,-0.9087671957029713,2.979858577959513
1.0,0.422181595133696,1.0,21.18177483496821
0.6437192008134531,0.6513741405193318,0.2611130322210198,2.160372062704824
-0.10610310625682406,0.1326981811463126,0.29066609992164927,0.9274350884141721
-0.10676000419356879,0.6964699642201206,0.05037398993562969,0.29669395485757766
-1.0,0.28089272540018473,-0.6005440083684543,0.3621317743844853
0.41004148408302976,-0.005812822602445866,-0.34583188295985234,0.48765003238792237
-1.0,0.4390886827283642,0.6132033286626675,-4.9860288597900375
-0.9596038709076786,0.19492132918504423,0.7324677056465723,-3.243159840462291
0.0951003848183074,-1.0,-1.0,-18.08151624022496
0.14280057712914385,-0.567005117283967,-1.0,-6.121601967558229
-0.0012543337764789886,0.9107071905975272,-1.0,-1.2545865313940892
0.6174985348492503,1.0,-0.5638666935940095,11.541544812775944
1.0,0.9398905807206552,0.4951610004028053,13.706448034077393
-1.0,-1.0,0.561721997835688,12.69766877972297
0.6049873725044097,-0.9714747645253206,-1.0,-21.13994236666017
-0.48924121534730425,-0.05976243331521003,1.0,1.8121650981652615
0.4392709412722897,1.0,-0.40154504032179505,10.073476839741524
-0.6816012104516169,-1.0,-0.6648422763663553,-0.17301043748687606
0.3935728414324047,-0.1989489777589335,1.0,-2.2481387839233777
1.0,-0.6161117522399522,0.8469160350041967,4.424683147446061
-1.0,1.0,-0.7567843746365417,14.144340574965561
0.5618657553102786,-1.0,1.0,-6.454077303470183
-0.45787373235403317,0.1456747809118495,0.48335555770062055,-0.7970129428153918
-0.34142846930708837,-1.0,0.8619637626084915,-2.520340409745895
0.2138886684864436,0.14347238944512575,-0.916896798922268,-0.1864005170467944
-0.5735133443203471,-0.9255339625648604,-1.0,-7.599897829224147
0.15754527720727074,0.9288950850005746,-0.462077719445388,5.733759405267401
-0.03214744075908604,0.41667866820784316,0.11936114770970074,-0.14391247766124163
-1.0,1.0,-0.33640897287294225,11.003048458928976
1.0,0.31379281211241694,0.7041883811271972,10.40107673410329
1.0,1.0,-0.3218705190804825,17.123501158195104
-1.0,0.7972437905048368,-1.0,20.211785119395824
-0.22788491927528387,-1.0,1.0,-4.936973494816292
-0.2602010350881059,-0.9229019939937895,0.653403439341534,1.0921888326010238
-0.31959715236128705,1.0,0.4519045728320701,7.401064790099366
-0.1276717219447665,-0.8642949294393423,-1.0,-10.83087970900038
0.12965910525915758,0.6062226699135431,0.5990386998084667,0.6639901818431329
-0.3636162922849886,0.07149006503867761,0.257829012373916,-0.6164978504721014
1.0,-0.9879211714216614,-0.5755915016276301,-9.985194898743156
1.0,0.09424356766213471,1.0,14.092876987725576
-0.3646212412535019,0.2112224403294063,-0.39711169050040396,-0.37260053656802516
-1.0,-0.41095247618945585,0.6217373438450577,0.3748761324216262
0.9215812937939223,0.5736449073663226,0.22835727357713842,6.02454031038206
-0.03966675714893242,0.34860162383933235,-0.12469163281241924,0.6359551553597087
-1.0,-0.4938935989116693,-0.05395862785012073,-1.1411291491945499
1.0,0.26876260412341213,-0.4971210152966212,4.943600503023245
0.4682833979698169,-0.01183361921850934,1.0,-0.47763271974126226
-0.6000942659579156,-1.0,1.0,-0.5822888186415213
-0.1971898718887326,0.7529963788212295,-0.701174715267044,-0.02544282249234442
1.0,1.0,0.09801119940987069,14.105409423615669
0.7660439794965841,-0.711500924029675,-0.391040510271387,0.27903554342856013
-0.3358560792712957,-0.5585197076784052,-0.4822022501390557,0.9700821391680811
0.020575715737208622,0.19408309073060503,-1.0,-3.1862406249393995
0.9889334517885222,-0.13226008804871814,0.07782193701261564,4.182441012909949
0.022897716725269746,-0.03420978934357666,-1.0,-2.9126587340407775
-0.1748141832193788,-0.8267296304174374,-0.49501219723199075,1.3953764261949353
0.8145052170152431,0.9556145835745273,1.0,14.823202947871055
-0.9226764431239567,0.9594584305178158,-0.43305882425628384,6.3430357975859355
-0.9814422536503746,0.350765156511031,0.9050662876581232,0.8026745371375179
-0.914979556998657,0.32427336184527844,-0.423964735432121,-1.308353350589233
-1.0,-1.0,-0.3644900574472758,6.603097006092337
-1.0,-1.0,-0.5558293445950298,4.320755107357286
0.5422096830458014,0.30963612925846973,0.4519814863502254,1.7760193694541813
0.19442619754305634,0.6658532391472909,-0.6581253767863884,0.9225857260702037
-1.0,-0.039455775665966586,-0.17089227248317695,-4.10502241538174
1.0,0.3460311996800034,-0.44343785419138126,5.632272909706066
-1.0,-0.9547838020082948,0.09690405052851037,7.464818482970625
1.0,0.8797916893500926,0.1267491087210335,9.635166855652027
-0.22014387513721956,1.0,0.8016235536954319,10.730596530186403
1.0,0.2693710226522761,0.38446615673003204,7.631974039213069
0.4985618667850762,-1.0,-1.0,-22.302528276568406
0.09270925407683372,-0.029046144929237405,0.9360170391779603,0.15434743386732414
0.3887968935717605,1.0,1.0,9.427819379579752
0.6421036644715543,-0.05675612653353568,-0.5562266885450688,1.5299601540696397
-1.0,1.0,0.20950469007269135,5.579831779739702
1.0,-0.6969246334700332,0.48246816385823066,2.5419742942348518
0.2552293783841586,-0.2780410167398577,-1.0,-4.390969721639969
0.3574534726463272,-0.9022102963551102,0.5569000100686876,0.5852646981444377
0.5358498669147564,-1.0,-0.44063093378584917,-2.6028806023507354
0.4143289841150599,0.46020326486573704,-0.7597440019648145,0.6012622602657907
0.2957818038797162,0.2839377672097261,1.0,1.6684836404965298
-1.0,-0.19597868500959637,-1.0,8.258655822795003
-1.0,-0.7275986505472654,-0.33071670823950083,1.7247107660039382
-0.7249806269378523,0.5291354606844008,1.0,4.488160620394282
1.0,-0.7955567124015788,-0.4582189819775815,0.783205353602892
-0.23380835465413474,-0.05636093052736202,-0.2738008991543939,0.13116880956446086
0.40327960948599184,-0.2168584977620076,-1.0,-3.8266343777828085
-0.4683182974698341,0.22845767490684588,-1.0,-1.8146227374132915
1.0,0.12826004315589534,-1.0,10.158283553940425
0.8072873512946925,0.4286042200104292,0.1658269328741826,3.4138170869179425
0.8701997119432041,1.0,-0.2858356533166271,12.08886462539016
0.9815033527106827,-0.5992299082446693,0.009331630778005584,3.29751134593666
0.524624724300685,0.024716361131036146,0.6689953289849353,1.3778608395180192
1.0,0.6226213592398859,-0.5783175769942408,6.523761407363353
-0.3611667571679138,0.15501749472879633,0.2932210331175633,-0.76990282007006
0.7074921918482404,1.0,-0.6197615367814708,12.16112769026467
0.40855127059984486,-0.6948654211948075,-0.19348582018410698,1.522945728997657
1.0,0.733014983726024,-0.5728658093452195,7.760219554758124
1.0,-0.24167815929227165,0.8545541954297342,6.8106424370091725
-0.7343559294299673,-0.05766495476678046,0.15943236076537137,-1.5691125883892292
0.8261817669152549,-0.17641768315895745,-0.9412302300794675,1.5130420706878502
-1.0,-0.24539454563014518,0.6626389013325928,-0.7244851674134011
-0.44272504585774297,-1.0,0.4427707499727547,2.311615054759436
1.0,1.0,0.23379884484790936,13.139636521893488
1.0,1.0,0.11381795428306662,13.824471784134786
-0.030074557573612548,-0.0793726088366733,0.07284770139885999,0.6358713798637399
-1.0,-0.33445588200338805,1.0,6.960558757333292
1.0,-0.6792576758683158,0.07492299230176602,2.2039900328812787
0.5595897822580076,-0.7643781952255007,-0.11553075067281093,1.9981889101941739
-1.0,1.0,1.0,16.546368507542468
-0.636632679757346,-0.6034190787563913,0.2886209659013048,1.5165724684710131
0.6967722709440214,0.026802667878523367,1.0,1.7550002630415185
-0.9963616569913747,-0.2075151321565154,0.5875881758542092,-2.209530273544799
1.0,-1.0,0.3483161246970332,-6.641055155009237
0.17304853411432242,0.5670707404054407,0.23745942640455042,0.8652444359960082
-1.0,-1.0,1.0,22.236940038247987
0.03305225656657873,-1.0,-0.07476375012138958,2.247728833910445
-0.5535076605812868,0.10786609057750707,-0.4898641604743337,0.18540659163340384
-0.8107072282200525,0.17043433591420554,-1.0,5.729776574242363
0.7162786772312764,0.2459387219021658,-0.006513562524778527,1.8108440612702852
-0.7768264563375036,0.9448980844298036,-0.23792244421254316,2.922587412051418
0.3935771663311609,1.0,-0.2659539046781447,9.190666565505248
0.19906515389425183,0.4431837327559396,-0.3561397225188343,0.059165667425144064
0.2964343681714634,-0.7382496692502933,0.07705669284967764,1.8250871431660176
-0.3342757185539602,0.6346073817056797,0.34817403126375224,0.23763408125780489
0.43093551900151383,0.8000141799215594,1.0,6.889216622258704
0.790554416483974,1.0,-1.0,15.82600761896112
-0.5702405957399577,-0.8722210604254821,0.8180699540965282,0.9974478549522747
-0.07822158792169898,0.530253365214036,0.6048771054236388,1.2545722817216656
-0.6532376801014592,0.38972276159058183,-0.8177490310610289,-0.3034835895420793
-0.4392179437848289,-0.465529343456887,1.0,0.30095579074422735
-1.0,0.2232586302750379,0.6311699136224147,-4.289062558495486
-0.2645803591857945,-0.9456552950966945,-0.8253408008250211,-5.018946486759628
1.0,1.0,0.13266010896457114,14.176682804941594
0.8662550983124424,0.21029692748434603,0.3423317321387507,4.095047947102443
0.49037219782093167,-0.5517492639235002,0.3684697646281134,1.5023834358703159
0.28422197080151546,-0.16605635244320927,-0.28752366545910624,0.22326789369240152
-1.0,-0.5002810950330137,0.00930947408603533,-1.0226726686800707
-0.9707621598870666,0.8753657078993493,-1.0,16.38947815713084
-0.18273136761443465,0.18368121925386172,0.04744307532126624,-0.14890551731365934
-0.09034745683602785,-0.8953984183169539,1.0,-4.624094056676286
0.01322006859668523,-0.8072512966943712,-0.866377782113926,-5.253866766641619
0.30940789959051074,-0.811268933056871,1.0,-5.523015753212693
-0.12450760907419411,0.32566112648912626,0.1773992393820243,0.10192648596079941
-0.7013594248463315,1.0,-0.24259729223216597,4.461663556936845
-0.43235026488100914,-1.0,0.810887863059399,-0.22678397233409445
1.0,-1.0,-0.868553093023799,-18.89006797657254
0.35703954564607043,0.8907481335409286,-0.5776424096324886,5.108759017014744
-0.9283841364339362,0.03131138339695205,-0.040832209524662044,-1.867452064572035
0.4736807847028399,-1.0,-1.0,-22.40783065351264
-0.1511697036393449,-0.05009803628454046,0.7894702029305896,0.0788841697109876
-0.17613562608214584,0.781878046574022,0.3925396402874235,1.7408206855505362
0.5446145071155897,0.24209085199479996,-0.0323951576556456,1.2398372722824802
-0.05541506361406001,-1.0,-0.35051324884945156,1.6842487177596615
0.7404410631568632,0.5465885013739742,0.17565498166897475,2.945526586459232
0.019265748343176403,0.008060431396506695,-0.6723401118585244,1.2018547534256596
-0.700468121095124,-0.16539840673830875,-0.5880482058913681,0.41766709096972254
0.11997597665475701,0.9782496753154539,-1.0,3.255962403686349
1.0,-0.5568457159112628,-0.5400358087567141,4.403079887836785
-1.0,-1.0,0.3540816523788417,10.771708426671799
0.653310739462925,-0.8066093413909248,-1.0,-12.043628624147908
-0.6751667194296549,-1.0,-0.9184476291072565,-5.5937413368936095
0.01906802405908814,-0.7351183837235911,-0.08708952054826224,1.6311778281342728
0.5166660126226843,1.0,0.6688517648644929,7.904417602077069
-1.0,0.7288066201950967,0.9900322022492045,9.1529882806773
-0.9637136582132313,-0.21373160633938637,0.43734606033480095,-2.640312361768866
0.2513985308498794,0.29511381273108706,-0.1999709078071219,1.181948208565088
0.4218721125846585,-0.4501255194048932,-0.4074158497612279,1.0929115976692054
0.8431663507477536,0.23229007500957777,0.9047698436683942,5.923465370471657
1.0,-0.19070742240130167,-0.3007916406707347,6.076987926292035
0.9724565448951594,0.31790173890258044,-1.0,9.012491537066325
-1.0,0.8975826811240009,-0.34885348235837643,6.882445500051661
-0.5675397679675487,-0.10716706489175531,0.3634568865583725,-0.15267820878342236
-0.5032783545271835,-0.6040657232378044,1.0,0.20979883346714678
0.8906794601288579,-1.0,-0.4348706053318634,-7.925688577624421
-0.7152214595812283,0.10281725458358637,-0.9278410894158398,2.061234395057265
1.0,1.0,-1.0,38.87405667124126
-1.0,0.040692070270575975,-1.0,11.563561068780066
-1.0,-0.7917057989974743,-0.22348401822899233,2.8134250328135146
0.5972490734269484,-0.009187994384220577,1.0,0.5699849891061266
-0.21811092198880444,-0.26762072820032046,0.1479654910402164,0.4799908583103931
0.7542676982807193,0.05168751468320032,-0.7009222859436801,2.240419647327388
-0.3710353166914604,-0.48442084235245964,0.8683031267220629,1.4048951955646536
-1.0,-0.6952062002859567,1.0,13.576811799770786
1.0,0.00511867683112488,1.0,12.712515760013725
0.7940436739174521,0.009699849151336704,-1.0,-0.145181991276953
0.44144957212054203,-0.29183756083022616,0.3602363120709715,1.226401486654132
0.3476845841838325,0.8865941248322058,0.5276451704781313,4.585739306788487
0.8289265341119152,1.0,-1.0,18.492944801674952
0.09831090279770849,-0.6563700420856837,0.5564011384576413,0.5167450615131111
-0.18415866677578596,-0.6318316679856917,-0.6645543831813945,0.5411151769313275
1.0,1.0,-0.4391762899922229,19.688201386139436
0.2010143363112975,-0.39693637287191286,0.4446530555716448,0.6564634782309635
-0.021002143032023524,-1.0,0.2929721619728938,1.7274667765734502
0.899098100295165,0.20852501300761106,-1.0,3.968523205701534
0.6624020732985785,-0.7546899592596936,-1.0,-10.917593900988201
1.0,-0.4009578546146264,1.0,6.4626174128233735
-0.122180465870382,-1.0,1.0,-5.950032716474681
0.5290073210794364,-0.23158968316259587,0.2251924640549159,1.1235558903898584
-0.8090724789181962,1.0,-0.8303113746476669,3.8673919839359954
-0.34404124952504045,-1.0,0.14223396150308343,3.11096136014915
-0.4257790631142564,0.7897191182754784,0.20660724518127593,0.4219388570383265
0.3119362598786659,1.0,0.5106213955663952,7.403645269032541
0.4761191361058863,-0.8258133261380902,0.32359349441972207,2.3328623299676527
-0.8172146550728823,0.45324132157277996,-0.9661849406234635,3.352450157413677
-0.9884222813380352,1.0,1.0,16.938137286783366
-0.01977714857568169,1.0,0.17482149833676508,7.648364443147534
-0.5254259264576682,0.4309625065232934,1.0,3.198710011407149
1.0,0.19709714673173861,-0.32842052580163106,4.11122823875207
-0.6096382775853271,-0.11195427107419675,0.05300330747548565,-0.7582182805323375
-0.34911535142753114,0.03339153942968287,-0.9388372127698428,-0.8426081796882507
0.9543879258558119,0.4183957573596775,-0.008508672693987585,5.428009766691341
0.11076726908372403,0.9920152388337278,0.22047658877571497,6.8161242496401035
0.07940915192816367,-0.12388386340027813,-1.0,-3.189550108408663
-0.0065228362245124405,0.024572075301212637,1.0,0.8444881529177475
-0.4212244519206272,-0.038961299394815185,-1.0,-1.0139989043690163
-0.6133071937056862,-1.0,-0.3892702574209126,3.6751271529332863
-0.5574649157413258,1.0,-0.12940499080660417,6.03317037691348
1.0,-0.17778389561501928,-0.8301260048322814,7.608011807847481
-0.8175594885910369,0.5907510295065013,-0.2518601891249179,-2.9150894506031406
-0.7716083994423328,1.0,0.3546183373416194,2.7446847025769934
0.13445464563153964,-0.742999198755858,-0.4051654428728353,1.5655994225607455
-0.4884926147551574,0.8627385305418278,-0.47083921745335333,0.16554850088233475
-0.4025814186196903,0.11807540326281396,-0.5991533264590294,0.46742385837760964
-0.7460305187028131,-0.07709923040743072,-0.5470771483338193,-0.2541752227476941
-0.6627898093995557,1.0,0.33357761572862343,4.145235306261447
0.5505203500711044,-0.5573318364353861,0.11595337538824868,0.8451695255373982
-0.28659639532952297,-0.5526873164596426,-1.0,-4.4512069734939
-1.0,1.0,0.006800212106530035,8.354374673029493
0.14623591406283531,0.6421362728335758,-1.0,-3.021050133768329
-1.0,-0.46028956879498706,-0.1906436225679038,-1.8274715817725304
0.5716650637173823,0.1105561365628367,0.4558499906313418,2.4516121406137703
1.0,-0.7036069370988998,-0.23672022922806546,1.9729886303523703
-1.0,-0.37313788415706095,-0.7287256035030585,0.20550262175936995
-0.5380316763036286,0.7173367424267991,-1.0,-3.8907720409817355
0.5057580240457813,0.6652199478474257,0.7966495336912698,3.6714737943959257
0.45999083815524844,-0.4626961184239946,0.1309376521510981,1.6914676439084277
0.21938056437798736,0.6138542155059024,0.36070005555659157,1.4565878650756452
-0.4884045352982307,0.14852166458608362,-1.0,-1.3739422860546118
-0.391266946503545,-0.9094251043776869,0.9578982867200303,-1.6058913260948349
-0.209926133974091,-1.0,-1.0,-15.714942122414056
0.8894725711668683,-0.08244825970079583,-0.12404325160437812,3.0234133920528152
-1.0,-0.2519134863577981,0.7147079034715296,-1.7203903603850441
0.17153224809469392,0.8170334825438594,-0.07975041672172467,2.8210385613816777
-0.7021614881918605,0.2951333258827349,-0.9335267607529751,0.5647581271679614
-0.4660718202988319,0.6826696653286686,-0.304559955199871,-1.378060869749188
-1.0,1.0,0.114319364362653,6.519357556479495
0.40054729381625687,1.0,0.36365658315947136,6.88936469934766
-0.23623961050727282,0.8925141439195527,-1.0,-2.9457772485167406
-0.8828180598305668,1.0,-1.0,9.510502405800842
-1.0,-0.6908011136123693,0.4834460372849465,3.8054764009663717
0.08597342569689204,-0.5795701224792043,0.545986290572561,0.3026588431309486
-0.9070345067751939,0.6584213451682552,-0.19098316830665052,-1.4465547824340206
0.16754612864444351,-0.024782126258075632,0.16997563489518686,1.053187163474294
0.01566974817299016,-0.08422887013503177,0.36750561941530124,0.2995802540105357
-1.0,0.8192684695596353,-0.8227787049413076,11.460481997214684
-0.3106839519559801,-0.2546416327636676,-0.7060520652027671,0.6890708194105757
1.0,-1.0,0.48869410139650227,-6.681270629212138
